{
    "results": [{
            "gender": "female",
            "name": {
                "title": "Mrs",
                "first": "Jessica",
                "last": "Martin"
            },
            "location": {
                "street": {
                    "number": 8953,
                    "name": "Oxford Terrace"
                },
                "city": "Whanganui",
                "state": "Canterbury",
                "country": "New Zealand",
                "postcode": 49889,
                "coordinates": {
                    "latitude": "58.9033",
                    "longitude": "82.9725"
                },
                "timezone": {
                    "offset": "+9:00",
                    "description": "Tokyo, Seoul, Osaka, Sapporo, Yakutsk"
                }
            },
            "email": "jessica.martin@example.com",
            "login": {
                "uuid": "776deae2-75d7-4be5-85a1-03f84ffefc82",
                "username": "bigbird324",
                "password": "paradigm",
                "salt": "u1ET5wrw",
                "md5": "0d0cd9988fae1becc185f04e4e3d4d0e",
                "sha1": "f7aa0d5e47ec2581f87acc1c2954999f5377e4d7",
                "sha256": "b7b37fabf8c118c65111dfefce74a15e6ec7a74c3adacb56252f326012be7ec7"
            },
            "dob": {
                "date": "1996-05-07T19:27:49.079Z",
                "age": 23
            },
            "registered": {
                "date": "2011-06-06T21:09:43.107Z",
                "age": 8
            },
            "phone": "(998)-975-1431",
            "cell": "(121)-660-3451",
            "id": {
                "name": "",
                "value": null
            },
            "picture": {
                "large": "https://randomuser.me/api/portraits/women/28.jpg",
                "medium": "https://randomuser.me/api/portraits/med/women/28.jpg",
                "thumbnail": "https://randomuser.me/api/portraits/thumb/women/28.jpg"
            },
            "nat": "NZ"
        },
        {
            "gender": "male",
            "name": {
                "title": "Mr",
                "first": "Lester",
                "last": "Mills"
            },
            "location": {
                "street": {
                    "number": 319,
                    "name": "Brown Terrace"
                },
                "city": "Albury",
                "state": "Western Australia",
                "country": "Australia",
                "postcode": 3403,
                "coordinates": {
                    "latitude": "-13.5185",
                    "longitude": "-70.4175"
                },
                "timezone": {
                    "offset": "-9:00",
                    "description": "Alaska"
                }
            },
            "email": "lester.mills@example.com",
            "login": {
                "uuid": "2233aa05-7820-4799-9000-e7786a4af2d9",
                "username": "organicswan995",
                "password": "sounds",
                "salt": "BFxPsO9i",
                "md5": "4574580e1f96e5a4552d71d7da20c151",
                "sha1": "fcbf6eaecdbe4bfb3b996e54b1809138d2757e65",
                "sha256": "b4a50992c23548bf6ec07cf0869c069c520d8dee1af4c8fa67703004671ba011"
            },
            "dob": {
                "date": "1976-03-01T18:42:50.130Z",
                "age": 43
            },
            "registered": {
                "date": "2005-09-14T18:24:08.030Z",
                "age": 14
            },
            "phone": "06-6941-2793",
            "cell": "0465-457-194",
            "id": {
                "name": "TFN",
                "value": "056636260"
            },
            "picture": {
                "large": "https://randomuser.me/api/portraits/men/75.jpg",
                "medium": "https://randomuser.me/api/portraits/med/men/75.jpg",
                "thumbnail": "https://randomuser.me/api/portraits/thumb/men/75.jpg"
            },
            "nat": "AU"
        },
        {
            "gender": "female",
            "name": {
                "title": "Mrs",
                "first": "Violet",
                "last": "Burton"
            },
            "location": {
                "street": {
                    "number": 3315,
                    "name": "Dane St"
                },
                "city": "Burbank",
                "state": "West Virginia",
                "country": "United States",
                "postcode": 96339,
                "coordinates": {
                    "latitude": "66.6188",
                    "longitude": "178.0963"
                },
                "timezone": {
                    "offset": "-8:00",
                    "description": "Pacific Time (US & Canada)"
                }
            },
            "email": "violet.burton@example.com",
            "login": {
                "uuid": "93ca9e62-3ce6-4996-8c1f-709a95a4915f",
                "username": "organicladybug778",
                "password": "asdfghjkl",
                "salt": "VmMGDkMb",
                "md5": "3c64f72864db24855d83b34202322a53",
                "sha1": "bca85014cb81b51e7a34dfc42eba671c249b8e19",
                "sha256": "2db6492408089d467d4dfb8e41e03546e63975ba3bd677255edde0b9f8fc4d8c"
            },
            "dob": {
                "date": "1958-03-03T19:47:29.656Z",
                "age": 61
            },
            "registered": {
                "date": "2012-03-24T08:30:04.655Z",
                "age": 7
            },
            "phone": "(765)-765-6577",
            "cell": "(601)-172-2366",
            "id": {
                "name": "SSN",
                "value": "046-62-2543"
            },
            "picture": {
                "large": "https://randomuser.me/api/portraits/women/43.jpg",
                "medium": "https://randomuser.me/api/portraits/med/women/43.jpg",
                "thumbnail": "https://randomuser.me/api/portraits/thumb/women/43.jpg"
            },
            "nat": "US"
        },
        {
            "gender": "male",
            "name": {
                "title": "Mr",
                "first": "Jamie",
                "last": "Butler"
            },
            "location": {
                "street": {
                    "number": 5944,
                    "name": "Crockett St"
                },
                "city": "York",
                "state": "Oregon",
                "country": "United States",
                "postcode": 25981,
                "coordinates": {
                    "latitude": "73.0093",
                    "longitude": "169.9820"
                },
                "timezone": {
                    "offset": "+3:00",
                    "description": "Baghdad, Riyadh, Moscow, St. Petersburg"
                }
            },
            "email": "jamie.butler@example.com",
            "login": {
                "uuid": "152521ff-c3a8-472a-8197-c397ca8bb9a8",
                "username": "bigelephant549",
                "password": "qweasd",
                "salt": "lDUBDiqI",
                "md5": "990d766932525767ce1d3034952cb7f6",
                "sha1": "e4cec2e7e258cbce8bfd56782f4a678744dab7e9",
                "sha256": "32a796ecfec753a36f28705c522240467b690765fd0fb788a449d13b69eca2b3"
            },
            "dob": {
                "date": "1953-10-10T20:49:08.295Z",
                "age": 66
            },
            "registered": {
                "date": "2006-02-24T13:43:31.255Z",
                "age": 13
            },
            "phone": "(487)-693-5369",
            "cell": "(835)-765-6962",
            "id": {
                "name": "SSN",
                "value": "077-46-2571"
            },
            "picture": {
                "large": "https://randomuser.me/api/portraits/men/64.jpg",
                "medium": "https://randomuser.me/api/portraits/med/men/64.jpg",
                "thumbnail": "https://randomuser.me/api/portraits/thumb/men/64.jpg"
            },
            "nat": "US"
        },
        {
            "gender": "female",
            "name": {
                "title": "Miss",
                "first": "Livia",
                "last": "Lucas"
            },
            "location": {
                "street": {
                    "number": 4871,
                    "name": "Montée Saint-Barthélémy"
                },
                "city": "Marseille",
                "state": "Nord",
                "country": "France",
                "postcode": 39437,
                "coordinates": {
                    "latitude": "42.8008",
                    "longitude": "85.6803"
                },
                "timezone": {
                    "offset": "-3:30",
                    "description": "Newfoundland"
                }
            },
            "email": "livia.lucas@example.com",
            "login": {
                "uuid": "b022b435-aa06-4aa4-8875-f771892fb227",
                "username": "yellowtiger895",
                "password": "lightning",
                "salt": "MYsAQNl6",
                "md5": "44a1cdf5c48ab05fba773126b0a9c470",
                "sha1": "81e7df49d22a1fc04b9bdfe6be3262f59a31875d",
                "sha256": "c9d6882c8c5124b5a2f76f78d00842d14c5c957f1b7b6d7ac2a8bd75bafb6a99"
            },
            "dob": {
                "date": "1995-10-08T06:12:50.998Z",
                "age": 24
            },
            "registered": {
                "date": "2002-09-20T10:40:02.220Z",
                "age": 17
            },
            "phone": "04-35-76-03-52",
            "cell": "06-87-56-26-77",
            "id": {
                "name": "INSEE",
                "value": "2NNaN35492088 13"
            },
            "picture": {
                "large": "https://randomuser.me/api/portraits/women/1.jpg",
                "medium": "https://randomuser.me/api/portraits/med/women/1.jpg",
                "thumbnail": "https://randomuser.me/api/portraits/thumb/women/1.jpg"
            },
            "nat": "FR"
        },
        {
            "gender": "male",
            "name": {
                "title": "Mr",
                "first": "Billy",
                "last": "Taylor"
            },
            "location": {
                "street": {
                    "number": 530,
                    "name": "Galway Road"
                },
                "city": "Loughrea",
                "state": "Longford",
                "country": "Ireland",
                "postcode": 28684,
                "coordinates": {
                    "latitude": "45.8092",
                    "longitude": "-18.5027"
                },
                "timezone": {
                    "offset": "-12:00",
                    "description": "Eniwetok, Kwajalein"
                }
            },
            "email": "billy.taylor@example.com",
            "login": {
                "uuid": "7248b147-23a7-4eca-a586-afd58ba8afa4",
                "username": "beautifulfrog316",
                "password": "deftones",
                "salt": "a2QMXtkr",
                "md5": "aac42b772f739f6f7b32cf2a986235c2",
                "sha1": "7c80280b4b323f542582dc2a84e221ec68c48a00",
                "sha256": "430d92b2f6e0c3e0448be7980e0038f019afbcf9fbff165d13bcfa7ec90a4f8c"
            },
            "dob": {
                "date": "1956-07-20T03:51:19.750Z",
                "age": 63
            },
            "registered": {
                "date": "2016-06-13T04:52:51.299Z",
                "age": 3
            },
            "phone": "031-241-8982",
            "cell": "081-221-3735",
            "id": {
                "name": "PPS",
                "value": "4524273T"
            },
            "picture": {
                "large": "https://randomuser.me/api/portraits/men/45.jpg",
                "medium": "https://randomuser.me/api/portraits/med/men/45.jpg",
                "thumbnail": "https://randomuser.me/api/portraits/thumb/men/45.jpg"
            },
            "nat": "IE"
        },
        {
            "gender": "male",
            "name": {
                "title": "Mr",
                "first": "Dwayne",
                "last": "Cole"
            },
            "location": {
                "street": {
                    "number": 6775,
                    "name": "Plum St"
                },
                "city": "Altoona",
                "state": "Iowa",
                "country": "United States",
                "postcode": 52916,
                "coordinates": {
                    "latitude": "-74.9911",
                    "longitude": "93.6850"
                },
                "timezone": {
                    "offset": "+8:00",
                    "description": "Beijing, Perth, Singapore, Hong Kong"
                }
            },
            "email": "dwayne.cole@example.com",
            "login": {
                "uuid": "b7a39b28-9993-4573-bb59-c46ba3e8feef",
                "username": "bluefish904",
                "password": "paramedi",
                "salt": "Of2PzDwQ",
                "md5": "d2c177cfdf7e00d297eaeeea54b86346",
                "sha1": "2f4b3e9cc9ef429da435781274520b59cea787c7",
                "sha256": "58416aab654f1013eab8824428b03c3f297b0e65b61cec3327b7d9d78e5fa8cf"
            },
            "dob": {
                "date": "1945-12-12T08:16:42.959Z",
                "age": 74
            },
            "registered": {
                "date": "2018-02-26T13:53:39.405Z",
                "age": 1
            },
            "phone": "(744)-282-5400",
            "cell": "(639)-406-6804",
            "id": {
                "name": "SSN",
                "value": "367-66-4154"
            },
            "picture": {
                "large": "https://randomuser.me/api/portraits/men/16.jpg",
                "medium": "https://randomuser.me/api/portraits/med/men/16.jpg",
                "thumbnail": "https://randomuser.me/api/portraits/thumb/men/16.jpg"
            },
            "nat": "US"
        },
        {
            "gender": "female",
            "name": {
                "title": "Mrs",
                "first": "Lotta",
                "last": "Tikkanen"
            },
            "location": {
                "street": {
                    "number": 7166,
                    "name": "Nordenskiöldinkatu"
                },
                "city": "Teuva",
                "state": "Satakunta",
                "country": "Finland",
                "postcode": 96753,
                "coordinates": {
                    "latitude": "-84.8452",
                    "longitude": "-174.3356"
                },
                "timezone": {
                    "offset": "+9:30",
                    "description": "Adelaide, Darwin"
                }
            },
            "email": "lotta.tikkanen@example.com",
            "login": {
                "uuid": "b59ca059-3dc8-4a4a-8c68-7e40dc16911e",
                "username": "silvertiger503",
                "password": "fortuna",
                "salt": "jUgJb3oj",
                "md5": "e79f461a8a4ab5ee0966222255c8418f",
                "sha1": "01549efad939a14308b41b77636b12ecd08d828b",
                "sha256": "1bdbdd0af4bb254b09c1c54c0be302e559a3ed803a93e1ee45da96e54c19753f"
            },
            "dob": {
                "date": "1966-10-14T13:54:17.391Z",
                "age": 53
            },
            "registered": {
                "date": "2016-02-23T00:54:43.322Z",
                "age": 3
            },
            "phone": "02-623-887",
            "cell": "042-954-64-22",
            "id": {
                "name": "HETU",
                "value": "NaNNA858undefined"
            },
            "picture": {
                "large": "https://randomuser.me/api/portraits/women/44.jpg",
                "medium": "https://randomuser.me/api/portraits/med/women/44.jpg",
                "thumbnail": "https://randomuser.me/api/portraits/thumb/women/44.jpg"
            },
            "nat": "FI"
        },
        {
            "gender": "female",
            "name": {
                "title": "Mrs",
                "first": "Elif",
                "last": "Tütüncü"
            },
            "location": {
                "street": {
                    "number": 6267,
                    "name": "Bağdat Cd"
                },
                "city": "Ordu",
                "state": "Tekirdağ",
                "country": "Turkey",
                "postcode": 41037,
                "coordinates": {
                    "latitude": "-89.8224",
                    "longitude": "-160.9430"
                },
                "timezone": {
                    "offset": "-9:00",
                    "description": "Alaska"
                }
            },
            "email": "elif.tutuncu@example.com",
            "login": {
                "uuid": "29830da9-c524-4415-b3c7-5473dfd33425",
                "username": "happysnake213",
                "password": "darkness",
                "salt": "Fx9u5m53",
                "md5": "8d545c92752bbf191c5bc488bd0c48e6",
                "sha1": "850f755e6580a872dfb000676f881a517a7656b9",
                "sha256": "62ed42669182c4cde95cfa807d234d556ee4f82c7ea04834559dbdef987366e3"
            },
            "dob": {
                "date": "1960-01-19T10:34:23.618Z",
                "age": 59
            },
            "registered": {
                "date": "2004-06-11T16:13:55.340Z",
                "age": 15
            },
            "phone": "(468)-252-4978",
            "cell": "(946)-343-1527",
            "id": {
                "name": "",
                "value": null
            },
            "picture": {
                "large": "https://randomuser.me/api/portraits/women/38.jpg",
                "medium": "https://randomuser.me/api/portraits/med/women/38.jpg",
                "thumbnail": "https://randomuser.me/api/portraits/thumb/women/38.jpg"
            },
            "nat": "TR"
        },
        {
            "gender": "female",
            "name": {
                "title": "Ms",
                "first": "Yasemin",
                "last": "Düşenkalkar"
            },
            "location": {
                "street": {
                    "number": 6358,
                    "name": "Filistin Cd"
                },
                "city": "Kahramanmaraş",
                "state": "Kastamonu",
                "country": "Turkey",
                "postcode": 85082,
                "coordinates": {
                    "latitude": "51.7824",
                    "longitude": "-58.0150"
                },
                "timezone": {
                    "offset": "-1:00",
                    "description": "Azores, Cape Verde Islands"
                }
            },
            "email": "yasemin.dusenkalkar@example.com",
            "login": {
                "uuid": "978363b5-f142-4daa-847a-1da675ba24e0",
                "username": "smallpeacock124",
                "password": "hawkeyes",
                "salt": "JLICwc7i",
                "md5": "1619013a689f693ee5c720baa077e7b3",
                "sha1": "f9df22e682bf1979fd3165968819afa763a3626a",
                "sha256": "2a67dcaee7d4f22c28c78ad5088b7a44b06385e15f270aeb3b2030683512c4a1"
            },
            "dob": {
                "date": "1998-05-15T21:26:47.707Z",
                "age": 21
            },
            "registered": {
                "date": "2018-10-18T13:22:17.416Z",
                "age": 1
            },
            "phone": "(941)-581-5674",
            "cell": "(935)-728-6500",
            "id": {
                "name": "",
                "value": null
            },
            "picture": {
                "large": "https://randomuser.me/api/portraits/women/18.jpg",
                "medium": "https://randomuser.me/api/portraits/med/women/18.jpg",
                "thumbnail": "https://randomuser.me/api/portraits/thumb/women/18.jpg"
            },
            "nat": "TR"
        },
        {
            "gender": "female",
            "name": {
                "title": "Ms",
                "first": "Sherry",
                "last": "Sanders"
            },
            "location": {
                "street": {
                    "number": 5171,
                    "name": "Washington Ave"
                },
                "city": "Australian Capital Territory",
                "state": "Northern Territory",
                "country": "Australia",
                "postcode": 7611,
                "coordinates": {
                    "latitude": "73.7845",
                    "longitude": "-120.1022"
                },
                "timezone": {
                    "offset": "+7:00",
                    "description": "Bangkok, Hanoi, Jakarta"
                }
            },
            "email": "sherry.sanders@example.com",
            "login": {
                "uuid": "c774d487-00a4-4f70-bbd0-75ab9a71877f",
                "username": "angryfish110",
                "password": "survivor",
                "salt": "EkmznLVq",
                "md5": "9d29db8aed9ef6d8f72018cb6f9e41a7",
                "sha1": "7a35860eabd4888891b493315b87c368e3a15329",
                "sha256": "e635bdec461a44519266876092e59dc5c1d462dcc0e548d8ad04345afad08176"
            },
            "dob": {
                "date": "1969-04-02T00:00:00.758Z",
                "age": 50
            },
            "registered": {
                "date": "2013-11-28T18:39:03.130Z",
                "age": 6
            },
            "phone": "08-6039-9627",
            "cell": "0497-119-080",
            "id": {
                "name": "TFN",
                "value": "994407300"
            },
            "picture": {
                "large": "https://randomuser.me/api/portraits/women/64.jpg",
                "medium": "https://randomuser.me/api/portraits/med/women/64.jpg",
                "thumbnail": "https://randomuser.me/api/portraits/thumb/women/64.jpg"
            },
            "nat": "AU"
        },
        {
            "gender": "female",
            "name": {
                "title": "Ms",
                "first": "Gonca",
                "last": "Barbarosoğlu"
            },
            "location": {
                "street": {
                    "number": 1866,
                    "name": "Filistin Cd"
                },
                "city": "Siirt",
                "state": "Şanlıurfa",
                "country": "Turkey",
                "postcode": 97710,
                "coordinates": {
                    "latitude": "2.4630",
                    "longitude": "143.7500"
                },
                "timezone": {
                    "offset": "+7:00",
                    "description": "Bangkok, Hanoi, Jakarta"
                }
            },
            "email": "gonca.barbarosoglu@example.com",
            "login": {
                "uuid": "5eb7daf2-c190-4e32-9ce7-6c71a45ddc4f",
                "username": "brownostrich801",
                "password": "paris1",
                "salt": "5vJAZRiK",
                "md5": "6ad3853a728568f57b164eb1f46453fb",
                "sha1": "be518e5cc439a207ffc12dfc0a3ebb07482ef545",
                "sha256": "2a1b6708bf0649c4af6cba9487cd328ccea3d706e94b426e5c54640f0afaa2f3"
            },
            "dob": {
                "date": "1950-03-09T17:25:54.496Z",
                "age": 69
            },
            "registered": {
                "date": "2012-10-15T20:57:44.893Z",
                "age": 7
            },
            "phone": "(126)-867-9477",
            "cell": "(372)-313-5988",
            "id": {
                "name": "",
                "value": null
            },
            "picture": {
                "large": "https://randomuser.me/api/portraits/women/82.jpg",
                "medium": "https://randomuser.me/api/portraits/med/women/82.jpg",
                "thumbnail": "https://randomuser.me/api/portraits/thumb/women/82.jpg"
            },
            "nat": "TR"
        },
        {
            "gender": "male",
            "name": {
                "title": "Mr",
                "first": "Marco",
                "last": "Øvergaard"
            },
            "location": {
                "street": {
                    "number": 1409,
                    "name": "Ekraveien"
                },
                "city": "Slevik",
                "state": "Nordland",
                "country": "Norway",
                "postcode": "8182",
                "coordinates": {
                    "latitude": "12.7075",
                    "longitude": "-8.3373"
                },
                "timezone": {
                    "offset": "+6:00",
                    "description": "Almaty, Dhaka, Colombo"
                }
            },
            "email": "marco.overgaard@example.com",
            "login": {
                "uuid": "a633d8ce-b5d7-42ad-ab58-6f5e3ed46d24",
                "username": "blackleopard123",
                "password": "washington",
                "salt": "0ovdx5lv",
                "md5": "317d966d2936057c91ea257c064262b8",
                "sha1": "c54e832f8988990219c9edf01c50bc285655c14f",
                "sha256": "3be81d1c3cf303b6f550e08e26f3a89b28518e62f1cbddc15f9aac88e12eeeec"
            },
            "dob": {
                "date": "1978-04-15T00:29:17.440Z",
                "age": 41
            },
            "registered": {
                "date": "2012-05-12T20:21:19.109Z",
                "age": 7
            },
            "phone": "89741758",
            "cell": "90884900",
            "id": {
                "name": "FN",
                "value": "15047805381"
            },
            "picture": {
                "large": "https://randomuser.me/api/portraits/men/54.jpg",
                "medium": "https://randomuser.me/api/portraits/med/men/54.jpg",
                "thumbnail": "https://randomuser.me/api/portraits/thumb/men/54.jpg"
            },
            "nat": "NO"
        },
        {
            "gender": "male",
            "name": {
                "title": "Mr",
                "first": "Alívio",
                "last": "Lopes"
            },
            "location": {
                "street": {
                    "number": 4354,
                    "name": "Rua Castro Alves "
                },
                "city": "São Caetano do Sul",
                "state": "Mato Grosso do Sul",
                "country": "Brazil",
                "postcode": 30526,
                "coordinates": {
                    "latitude": "-67.1136",
                    "longitude": "-37.5646"
                },
                "timezone": {
                    "offset": "+6:00",
                    "description": "Almaty, Dhaka, Colombo"
                }
            },
            "email": "alivio.lopes@example.com",
            "login": {
                "uuid": "7ae3847e-bdf7-4a47-9294-beef5f6a997d",
                "username": "crazydog701",
                "password": "maserati",
                "salt": "iioV2CNk",
                "md5": "9c85fdf4868606dcf3e4da0ef0695df6",
                "sha1": "b97ce22e2c0ff5cd97ef1bd6e2637025046ffd37",
                "sha256": "596a0a0c432e168a7704afbf2dcd65ba437584a3919702d0a8fb821f4c442e9c"
            },
            "dob": {
                "date": "1953-03-07T10:37:49.798Z",
                "age": 66
            },
            "registered": {
                "date": "2013-01-12T01:33:00.895Z",
                "age": 6
            },
            "phone": "(29) 5292-9952",
            "cell": "(09) 7200-8815",
            "id": {
                "name": "",
                "value": null
            },
            "picture": {
                "large": "https://randomuser.me/api/portraits/men/80.jpg",
                "medium": "https://randomuser.me/api/portraits/med/men/80.jpg",
                "thumbnail": "https://randomuser.me/api/portraits/thumb/men/80.jpg"
            },
            "nat": "BR"
        },
        {
            "gender": "female",
            "name": {
                "title": "Ms",
                "first": "Lotta",
                "last": "Neva"
            },
            "location": {
                "street": {
                    "number": 1864,
                    "name": "Hermiankatu"
                },
                "city": "Ruovesi",
                "state": "North Karelia",
                "country": "Finland",
                "postcode": 23417,
                "coordinates": {
                    "latitude": "12.6313",
                    "longitude": "37.3285"
                },
                "timezone": {
                    "offset": "+2:00",
                    "description": "Kaliningrad, South Africa"
                }
            },
            "email": "lotta.neva@example.com",
            "login": {
                "uuid": "9750f26d-b0ff-43f7-a9d2-8ab6f58b4da8",
                "username": "saddog241",
                "password": "tricia",
                "salt": "hg8lTSNl",
                "md5": "97b82ddefb2b7bb5b489d963a418ff35",
                "sha1": "a584b4f6c042f9dab89cebb6536352284a890199",
                "sha256": "e435099f8005d671a95e7b53afd941536276037c3580025ce5e4b293f5ddd622"
            },
            "dob": {
                "date": "1986-03-13T16:06:30.752Z",
                "age": 33
            },
            "registered": {
                "date": "2006-01-23T11:13:30.138Z",
                "age": 13
            },
            "phone": "09-372-474",
            "cell": "044-506-62-01",
            "id": {
                "name": "HETU",
                "value": "NaNNA496undefined"
            },
            "picture": {
                "large": "https://randomuser.me/api/portraits/women/58.jpg",
                "medium": "https://randomuser.me/api/portraits/med/women/58.jpg",
                "thumbnail": "https://randomuser.me/api/portraits/thumb/women/58.jpg"
            },
            "nat": "FI"
        },
        {
            "gender": "male",
            "name": {
                "title": "Mr",
                "first": "Isac",
                "last": "Lian"
            },
            "location": {
                "street": {
                    "number": 6424,
                    "name": "Vålerenggata"
                },
                "city": "Svøo",
                "state": "Hordaland",
                "country": "Norway",
                "postcode": "4756",
                "coordinates": {
                    "latitude": "-77.2496",
                    "longitude": "-148.0269"
                },
                "timezone": {
                    "offset": "+4:00",
                    "description": "Abu Dhabi, Muscat, Baku, Tbilisi"
                }
            },
            "email": "isac.lian@example.com",
            "login": {
                "uuid": "0ddcfd8f-14f7-4236-b9c4-e0407aadb15e",
                "username": "sadlion869",
                "password": "4545",
                "salt": "Iqvx6ZZI",
                "md5": "5cef668a0758e4b98030ec3b977b4dcd",
                "sha1": "5a913d94705933d59302d92d64bfb680b4a9d97f",
                "sha256": "11dc514254d32dd12c72bd9074a3b73eab9588573138ed43b32c2b1b25c804c3"
            },
            "dob": {
                "date": "1959-08-12T23:54:07.563Z",
                "age": 60
            },
            "registered": {
                "date": "2010-07-21T22:41:46.233Z",
                "age": 9
            },
            "phone": "82604248",
            "cell": "99121585",
            "id": {
                "name": "FN",
                "value": "12085948588"
            },
            "picture": {
                "large": "https://randomuser.me/api/portraits/men/40.jpg",
                "medium": "https://randomuser.me/api/portraits/med/men/40.jpg",
                "thumbnail": "https://randomuser.me/api/portraits/thumb/men/40.jpg"
            },
            "nat": "NO"
        },
        {
            "gender": "male",
            "name": {
                "title": "Mr",
                "first": "محمدعلی",
                "last": "احمدی"
            },
            "location": {
                "street": {
                    "number": 5488,
                    "name": "آیت الله مدرس"
                },
                "city": "تبریز",
                "state": "خراسان شمالی",
                "country": "Iran",
                "postcode": 98536,
                "coordinates": {
                    "latitude": "81.0103",
                    "longitude": "59.4307"
                },
                "timezone": {
                    "offset": "-11:00",
                    "description": "Midway Island, Samoa"
                }
            },
            "email": "mhmdaaly.hmdy@example.com",
            "login": {
                "uuid": "3cfc12f0-c0fe-4760-b600-ced73ed29bcf",
                "username": "orangeladybug822",
                "password": "masturbation",
                "salt": "okjQDP7H",
                "md5": "6d8157b29bee9b4dc092533988fddd41",
                "sha1": "91fa0316c41890d307646463fc007030e19ea27a",
                "sha256": "e0fe1f7f67c4345daa2e8aca5886651b9dce40c89e929e846531863313af6dd5"
            },
            "dob": {
                "date": "1949-04-13T23:34:25.047Z",
                "age": 70
            },
            "registered": {
                "date": "2013-05-07T14:51:28.450Z",
                "age": 6
            },
            "phone": "088-60243857",
            "cell": "0906-399-0935",
            "id": {
                "name": "",
                "value": null
            },
            "picture": {
                "large": "https://randomuser.me/api/portraits/men/46.jpg",
                "medium": "https://randomuser.me/api/portraits/med/men/46.jpg",
                "thumbnail": "https://randomuser.me/api/portraits/thumb/men/46.jpg"
            },
            "nat": "IR"
        },
        {
            "gender": "female",
            "name": {
                "title": "Miss",
                "first": "Daline",
                "last": "Porto"
            },
            "location": {
                "street": {
                    "number": 9473,
                    "name": "Rua da Paz "
                },
                "city": "Valinhos",
                "state": "Paraíba",
                "country": "Brazil",
                "postcode": 51875,
                "coordinates": {
                    "latitude": "73.1107",
                    "longitude": "-56.9915"
                },
                "timezone": {
                    "offset": "-4:00",
                    "description": "Atlantic Time (Canada), Caracas, La Paz"
                }
            },
            "email": "daline.porto@example.com",
            "login": {
                "uuid": "96db29a4-ac19-4d14-adac-e7cb5b46258e",
                "username": "tinyelephant314",
                "password": "personal",
                "salt": "79R9gyh7",
                "md5": "11b9b338dc9b1bb5ccc9b1b42d9e72df",
                "sha1": "55b737e3f4620ba1f11dad8adbcea6bfd77368f0",
                "sha256": "27aa4f6efb49d5c32e71d25a081e73f84177ad2f2e86788b5b380e99620a66cb"
            },
            "dob": {
                "date": "1997-03-22T21:12:34.954Z",
                "age": 22
            },
            "registered": {
                "date": "2010-02-27T17:03:39.219Z",
                "age": 9
            },
            "phone": "(20) 5880-2140",
            "cell": "(95) 3294-7303",
            "id": {
                "name": "",
                "value": null
            },
            "picture": {
                "large": "https://randomuser.me/api/portraits/women/10.jpg",
                "medium": "https://randomuser.me/api/portraits/med/women/10.jpg",
                "thumbnail": "https://randomuser.me/api/portraits/thumb/women/10.jpg"
            },
            "nat": "BR"
        },
        {
            "gender": "female",
            "name": {
                "title": "Mademoiselle",
                "first": "Alexandra",
                "last": "Rolland"
            },
            "location": {
                "street": {
                    "number": 477,
                    "name": "Rue du Bât-D'Argent"
                },
                "city": "Wangenried",
                "state": "Neuchâtel",
                "country": "Switzerland",
                "postcode": 9649,
                "coordinates": {
                    "latitude": "70.3241",
                    "longitude": "112.9521"
                },
                "timezone": {
                    "offset": "+5:30",
                    "description": "Bombay, Calcutta, Madras, New Delhi"
                }
            },
            "email": "alexandra.rolland@example.com",
            "login": {
                "uuid": "d29fc22b-8ef3-4505-a25f-280998ffb62c",
                "username": "whitemeercat774",
                "password": "bigbooty",
                "salt": "w3rpB3YP",
                "md5": "d973eb6d07f251e61ad663273d5a972e",
                "sha1": "661fd9aa2c1068348d739c9486298e3aec43763c",
                "sha256": "d82b324c5a278026c6da4226ee3d845aaddd2bdb9b0ff2dd5a1ebf18deb92290"
            },
            "dob": {
                "date": "1958-05-18T17:35:39.014Z",
                "age": 61
            },
            "registered": {
                "date": "2003-06-09T14:34:46.320Z",
                "age": 16
            },
            "phone": "075 328 19 60",
            "cell": "077 086 00 63",
            "id": {
                "name": "AVS",
                "value": "756.8681.6428.39"
            },
            "picture": {
                "large": "https://randomuser.me/api/portraits/women/94.jpg",
                "medium": "https://randomuser.me/api/portraits/med/women/94.jpg",
                "thumbnail": "https://randomuser.me/api/portraits/thumb/women/94.jpg"
            },
            "nat": "CH"
        },
        {
            "gender": "male",
            "name": {
                "title": "Mr",
                "first": "Erling",
                "last": "Grindheim"
            },
            "location": {
                "street": {
                    "number": 3783,
                    "name": "Karlstadgata"
                },
                "city": "Hommersåk",
                "state": "Møre og Romsdal",
                "country": "Norway",
                "postcode": "0202",
                "coordinates": {
                    "latitude": "0.3300",
                    "longitude": "133.8461"
                },
                "timezone": {
                    "offset": "+3:30",
                    "description": "Tehran"
                }
            },
            "email": "erling.grindheim@example.com",
            "login": {
                "uuid": "c1dd6e00-5ed1-4218-863d-63223cd7a294",
                "username": "heavygoose326",
                "password": "josephin",
                "salt": "KBHjLbEk",
                "md5": "5cfdfe0a78b1103ba10f79fb2f61dd2d",
                "sha1": "7c25f28c728326994a6dc2ec26f229d7baebc399",
                "sha256": "b99e449515090769153d6983b2c0435249ad345cedae20316d36eecedc7ceab4"
            },
            "dob": {
                "date": "1976-07-04T01:21:13.514Z",
                "age": 43
            },
            "registered": {
                "date": "2017-06-20T04:38:23.353Z",
                "age": 2
            },
            "phone": "34863894",
            "cell": "48721150",
            "id": {
                "name": "FN",
                "value": "04077639743"
            },
            "picture": {
                "large": "https://randomuser.me/api/portraits/men/84.jpg",
                "medium": "https://randomuser.me/api/portraits/med/men/84.jpg",
                "thumbnail": "https://randomuser.me/api/portraits/thumb/men/84.jpg"
            },
            "nat": "NO"
        },
        {
            "gender": "female",
            "name": {
                "title": "Ms",
                "first": "Linda",
                "last": "Kuhn"
            },
            "location": {
                "street": {
                    "number": 7901,
                    "name": "Grange Road"
                },
                "city": "Bangor",
                "state": "County Armagh",
                "country": "United Kingdom",
                "postcode": "U87 8QS",
                "coordinates": {
                    "latitude": "-55.4447",
                    "longitude": "60.4930"
                },
                "timezone": {
                    "offset": "-6:00",
                    "description": "Central Time (US & Canada), Mexico City"
                }
            },
            "email": "linda.kuhn@example.com",
            "login": {
                "uuid": "29c3f93f-4fe9-440f-8400-dd287a89b823",
                "username": "silverfish372",
                "password": "pajero",
                "salt": "SAMgLmSI",
                "md5": "d9d4a8acfffb168efb6177d2879f0f01",
                "sha1": "104a9b87e8a3dd5dbb2e95153166f917e1589e6b",
                "sha256": "76949ebc3d84023e24d44e16d228e7b90314e117637374c06a640582942f9650"
            },
            "dob": {
                "date": "1969-10-14T11:58:12.624Z",
                "age": 50
            },
            "registered": {
                "date": "2017-05-25T20:33:31.084Z",
                "age": 2
            },
            "phone": "017683 46586",
            "cell": "0714-036-472",
            "id": {
                "name": "NINO",
                "value": "JG 51 78 62 G"
            },
            "picture": {
                "large": "https://randomuser.me/api/portraits/women/69.jpg",
                "medium": "https://randomuser.me/api/portraits/med/women/69.jpg",
                "thumbnail": "https://randomuser.me/api/portraits/thumb/women/69.jpg"
            },
            "nat": "GB"
        },
        {
            "gender": "female",
            "name": {
                "title": "Ms",
                "first": "Milla",
                "last": "Arola"
            },
            "location": {
                "street": {
                    "number": 433,
                    "name": "Satakennankatu"
                },
                "city": "Geta",
                "state": "Satakunta",
                "country": "Finland",
                "postcode": 84018,
                "coordinates": {
                    "latitude": "44.9673",
                    "longitude": "-60.5653"
                },
                "timezone": {
                    "offset": "+4:00",
                    "description": "Abu Dhabi, Muscat, Baku, Tbilisi"
                }
            },
            "email": "milla.arola@example.com",
            "login": {
                "uuid": "211f2bba-2eb2-42c3-9f6c-47b6790bb302",
                "username": "silverduck452",
                "password": "hack",
                "salt": "nqmuoF8Z",
                "md5": "ae25ecfe803ff36c3118e8b8eddde321",
                "sha1": "cbad05965c6e27e368a8ae52d3147e5e3e00ea4d",
                "sha256": "058b7c2c9a0c4a379e02aef43f4a73772601ea32ff791f71e8f9075c8ef907d9"
            },
            "dob": {
                "date": "1950-08-11T13:07:12.568Z",
                "age": 69
            },
            "registered": {
                "date": "2017-01-27T06:41:01.291Z",
                "age": 2
            },
            "phone": "08-739-062",
            "cell": "045-731-67-83",
            "id": {
                "name": "HETU",
                "value": "NaNNA172undefined"
            },
            "picture": {
                "large": "https://randomuser.me/api/portraits/women/66.jpg",
                "medium": "https://randomuser.me/api/portraits/med/women/66.jpg",
                "thumbnail": "https://randomuser.me/api/portraits/thumb/women/66.jpg"
            },
            "nat": "FI"
        },
        {
            "gender": "male",
            "name": {
                "title": "Mr",
                "first": "Silas",
                "last": "Jensen"
            },
            "location": {
                "street": {
                    "number": 7393,
                    "name": "Spurvevænget"
                },
                "city": "Assens",
                "state": "Midtjylland",
                "country": "Denmark",
                "postcode": 57386,
                "coordinates": {
                    "latitude": "-10.0533",
                    "longitude": "157.5203"
                },
                "timezone": {
                    "offset": "0:00",
                    "description": "Western Europe Time, London, Lisbon, Casablanca"
                }
            },
            "email": "silas.jensen@example.com",
            "login": {
                "uuid": "bc4679af-d5c8-4456-add8-0b8d476e3b16",
                "username": "redrabbit984",
                "password": "yyyyyy",
                "salt": "aElez5fn",
                "md5": "70c6400fdc050ecd5cfdf9150e501701",
                "sha1": "c9cf695ba4a3b8989215d37f3819ab4effa73d15",
                "sha256": "f87a82fc89ae51a17217794307386a0fc0c4e10e7df213e9b100cc095836595a"
            },
            "dob": {
                "date": "1958-07-19T08:54:22.013Z",
                "age": 61
            },
            "registered": {
                "date": "2014-01-07T04:11:16.624Z",
                "age": 5
            },
            "phone": "99390189",
            "cell": "73535670",
            "id": {
                "name": "CPR",
                "value": "190758-6465"
            },
            "picture": {
                "large": "https://randomuser.me/api/portraits/men/31.jpg",
                "medium": "https://randomuser.me/api/portraits/med/men/31.jpg",
                "thumbnail": "https://randomuser.me/api/portraits/thumb/men/31.jpg"
            },
            "nat": "DK"
        },
        {
            "gender": "male",
            "name": {
                "title": "Mr",
                "first": "میلاد",
                "last": "پارسا"
            },
            "location": {
                "street": {
                    "number": 7075,
                    "name": "نوفل لوشاتو"
                },
                "city": "مشهد",
                "state": "آذربایجان غربی",
                "country": "Iran",
                "postcode": 61757,
                "coordinates": {
                    "latitude": "-42.2025",
                    "longitude": "-33.6591"
                },
                "timezone": {
                    "offset": "-8:00",
                    "description": "Pacific Time (US & Canada)"
                }
            },
            "email": "myld.prs@example.com",
            "login": {
                "uuid": "eee2328d-808b-42c0-8815-5f322a7af898",
                "username": "goldencat138",
                "password": "caddy",
                "salt": "4nEBlEHg",
                "md5": "9749bbb2c34bd2e74f1a72ea0440fe45",
                "sha1": "598c54d213733e106fd42e8cacdb82419228e89e",
                "sha256": "35931e36c8bdc6b3786224ea532c1e4542da2e9822d4186b46ad0a1e6eae1b2b"
            },
            "dob": {
                "date": "1980-06-28T18:42:51.566Z",
                "age": 39
            },
            "registered": {
                "date": "2019-04-03T15:26:02.592Z",
                "age": 0
            },
            "phone": "077-41474782",
            "cell": "0949-675-1383",
            "id": {
                "name": "",
                "value": null
            },
            "picture": {
                "large": "https://randomuser.me/api/portraits/men/48.jpg",
                "medium": "https://randomuser.me/api/portraits/med/men/48.jpg",
                "thumbnail": "https://randomuser.me/api/portraits/thumb/men/48.jpg"
            },
            "nat": "IR"
        },
        {
            "gender": "female",
            "name": {
                "title": "Miss",
                "first": "Justine",
                "last": "Ennis"
            },
            "location": {
                "street": {
                    "number": 7103,
                    "name": "Lakeview Ave"
                },
                "city": "Cumberland",
                "state": "Saskatchewan",
                "country": "Canada",
                "postcode": "X6S 7J6",
                "coordinates": {
                    "latitude": "-0.7106",
                    "longitude": "109.1731"
                },
                "timezone": {
                    "offset": "-11:00",
                    "description": "Midway Island, Samoa"
                }
            },
            "email": "justine.ennis@example.com",
            "login": {
                "uuid": "1a7dea03-75d8-4c09-afe1-f591f3c44f3f",
                "username": "sadfrog348",
                "password": "billy",
                "salt": "rKiEQvv5",
                "md5": "0a1313aa8fb47e16c0c16585673c0365",
                "sha1": "8e42ee4609694089517e3e3e89929d4c356f8c71",
                "sha256": "63676a2bcb1c9c709ac3e14be99f29917e2175a87f41c3ebd5426a0bb5fa61dc"
            },
            "dob": {
                "date": "1964-04-23T14:30:22.364Z",
                "age": 55
            },
            "registered": {
                "date": "2009-05-03T04:18:44.493Z",
                "age": 10
            },
            "phone": "056-798-1603",
            "cell": "857-680-1291",
            "id": {
                "name": "",
                "value": null
            },
            "picture": {
                "large": "https://randomuser.me/api/portraits/women/85.jpg",
                "medium": "https://randomuser.me/api/portraits/med/women/85.jpg",
                "thumbnail": "https://randomuser.me/api/portraits/thumb/women/85.jpg"
            },
            "nat": "CA"
        },
        {
            "gender": "female",
            "name": {
                "title": "Ms",
                "first": "Victoire",
                "last": "Marie"
            },
            "location": {
                "street": {
                    "number": 9788,
                    "name": "Rue de L'Abbé-Carton"
                },
                "city": "Aubervilliers",
                "state": "Jura",
                "country": "France",
                "postcode": 57199,
                "coordinates": {
                    "latitude": "9.0385",
                    "longitude": "-12.4979"
                },
                "timezone": {
                    "offset": "+7:00",
                    "description": "Bangkok, Hanoi, Jakarta"
                }
            },
            "email": "victoire.marie@example.com",
            "login": {
                "uuid": "ffbf161f-ae43-4f71-809d-e13270f864e6",
                "username": "brownbird959",
                "password": "royals",
                "salt": "QRY9sZO2",
                "md5": "8ab4f15623703b5309cde3a58568d07e",
                "sha1": "3735f5c24504bd1fc584e0d5edef523dddd52f33",
                "sha256": "14f50038415f2f795d51ad6b3bd4f931d1460aae3aa2afebba6077e988aa6c4f"
            },
            "dob": {
                "date": "1975-01-06T02:54:26.005Z",
                "age": 44
            },
            "registered": {
                "date": "2006-06-03T08:24:46.608Z",
                "age": 13
            },
            "phone": "04-92-04-82-04",
            "cell": "06-71-54-20-98",
            "id": {
                "name": "INSEE",
                "value": "2NNaN23766849 02"
            },
            "picture": {
                "large": "https://randomuser.me/api/portraits/women/92.jpg",
                "medium": "https://randomuser.me/api/portraits/med/women/92.jpg",
                "thumbnail": "https://randomuser.me/api/portraits/thumb/women/92.jpg"
            },
            "nat": "FR"
        },
        {
            "gender": "male",
            "name": {
                "title": "Mr",
                "first": "Onur",
                "last": "Abadan"
            },
            "location": {
                "street": {
                    "number": 4330,
                    "name": "Şehitler Cd"
                },
                "city": "Sakarya",
                "state": "Aydın",
                "country": "Turkey",
                "postcode": 47633,
                "coordinates": {
                    "latitude": "44.9485",
                    "longitude": "-64.9980"
                },
                "timezone": {
                    "offset": "+7:00",
                    "description": "Bangkok, Hanoi, Jakarta"
                }
            },
            "email": "onur.abadan@example.com",
            "login": {
                "uuid": "153b0e7b-0cf7-4a5e-847e-ca2e9b41f2f2",
                "username": "bigpeacock889",
                "password": "castro",
                "salt": "jJoDLdel",
                "md5": "d4ef9efc09f178ab300a7f86e2f5742e",
                "sha1": "3c0f802c387c1e6732768894b2c2c180aa0382f0",
                "sha256": "091d9d68fbc5a64a03419d89ccbe767e138c399b97576322d13033d77f309327"
            },
            "dob": {
                "date": "1956-12-03T22:08:34.620Z",
                "age": 63
            },
            "registered": {
                "date": "2007-10-28T23:19:55.780Z",
                "age": 12
            },
            "phone": "(530)-063-4315",
            "cell": "(646)-708-9859",
            "id": {
                "name": "",
                "value": null
            },
            "picture": {
                "large": "https://randomuser.me/api/portraits/men/20.jpg",
                "medium": "https://randomuser.me/api/portraits/med/men/20.jpg",
                "thumbnail": "https://randomuser.me/api/portraits/thumb/men/20.jpg"
            },
            "nat": "TR"
        },
        {
            "gender": "male",
            "name": {
                "title": "Monsieur",
                "first": "Oskar",
                "last": "Rodriguez"
            },
            "location": {
                "street": {
                    "number": 2810,
                    "name": "Avenue Vauban"
                },
                "city": "Strengelbach",
                "state": "Graubünden",
                "country": "Switzerland",
                "postcode": 8702,
                "coordinates": {
                    "latitude": "-18.2236",
                    "longitude": "-85.0990"
                },
                "timezone": {
                    "offset": "+5:00",
                    "description": "Ekaterinburg, Islamabad, Karachi, Tashkent"
                }
            },
            "email": "oskar.rodriguez@example.com",
            "login": {
                "uuid": "e2ea071e-a00b-46da-9296-3d6fc3449664",
                "username": "smallbear258",
                "password": "chloe1",
                "salt": "J6HxPP3t",
                "md5": "4a3eb1eaeaff4bbdcf61cd517b91082a",
                "sha1": "378dd1ecfcc6818e87558dd10a4e0ed72817e491",
                "sha256": "b77c09b25b5842c84a97dcb82e77e79e64c5cab80557b3c17119998b4459e99b"
            },
            "dob": {
                "date": "1975-10-25T00:32:02.407Z",
                "age": 44
            },
            "registered": {
                "date": "2007-09-24T06:38:27.512Z",
                "age": 12
            },
            "phone": "077 904 31 92",
            "cell": "076 910 17 10",
            "id": {
                "name": "AVS",
                "value": "756.8776.1024.53"
            },
            "picture": {
                "large": "https://randomuser.me/api/portraits/men/88.jpg",
                "medium": "https://randomuser.me/api/portraits/med/men/88.jpg",
                "thumbnail": "https://randomuser.me/api/portraits/thumb/men/88.jpg"
            },
            "nat": "CH"
        },
        {
            "gender": "female",
            "name": {
                "title": "Ms",
                "first": "Evelyn",
                "last": "Lee"
            },
            "location": {
                "street": {
                    "number": 4985,
                    "name": "Riccarton Road"
                },
                "city": "Whangarei",
                "state": "Canterbury",
                "country": "New Zealand",
                "postcode": 76599,
                "coordinates": {
                    "latitude": "-21.2706",
                    "longitude": "-160.5495"
                },
                "timezone": {
                    "offset": "-8:00",
                    "description": "Pacific Time (US & Canada)"
                }
            },
            "email": "evelyn.lee@example.com",
            "login": {
                "uuid": "97829072-7764-49dd-87ea-5de64db32290",
                "username": "sadleopard335",
                "password": "walmart",
                "salt": "AYrcDfPK",
                "md5": "a174006ba560f42c98c3c05f231377ac",
                "sha1": "4a1951b9402e3c9518ce814d98fb16abcca6ff0a",
                "sha256": "87513a24c7f3dfe71ec491acac1e35f5c29344c96ba6744f395326170fb8c2fa"
            },
            "dob": {
                "date": "1987-10-06T02:25:46.672Z",
                "age": 32
            },
            "registered": {
                "date": "2015-01-07T11:09:05.241Z",
                "age": 4
            },
            "phone": "(866)-728-0102",
            "cell": "(586)-270-8783",
            "id": {
                "name": "",
                "value": null
            },
            "picture": {
                "large": "https://randomuser.me/api/portraits/women/69.jpg",
                "medium": "https://randomuser.me/api/portraits/med/women/69.jpg",
                "thumbnail": "https://randomuser.me/api/portraits/thumb/women/69.jpg"
            },
            "nat": "NZ"
        },
        {
            "gender": "male",
            "name": {
                "title": "Mr",
                "first": "Liam",
                "last": "Anderson"
            },
            "location": {
                "street": {
                    "number": 297,
                    "name": "Grand Marais Ave"
                },
                "city": "Bath",
                "state": "Newfoundland and Labrador",
                "country": "Canada",
                "postcode": "V0U 9R4",
                "coordinates": {
                    "latitude": "-53.1742",
                    "longitude": "-172.0768"
                },
                "timezone": {
                    "offset": "+7:00",
                    "description": "Bangkok, Hanoi, Jakarta"
                }
            },
            "email": "liam.anderson@example.com",
            "login": {
                "uuid": "9e98c3c3-02cb-4691-93b8-ac447db18ca5",
                "username": "tinydog553",
                "password": "house",
                "salt": "SiBCttet",
                "md5": "8d505c41569fbf40579cf49f2508dd77",
                "sha1": "a1619990c92641821430d0a6b9e37c0292aed857",
                "sha256": "7bb83101b5bd5d5f55455211074baef42e691f5591260b50fb0e9cd76ed20132"
            },
            "dob": {
                "date": "1989-12-20T22:43:19.518Z",
                "age": 30
            },
            "registered": {
                "date": "2004-02-06T14:34:35.363Z",
                "age": 15
            },
            "phone": "778-924-1141",
            "cell": "850-377-6967",
            "id": {
                "name": "",
                "value": null
            },
            "picture": {
                "large": "https://randomuser.me/api/portraits/men/38.jpg",
                "medium": "https://randomuser.me/api/portraits/med/men/38.jpg",
                "thumbnail": "https://randomuser.me/api/portraits/thumb/men/38.jpg"
            },
            "nat": "CA"
        },
        {
            "gender": "female",
            "name": {
                "title": "Ms",
                "first": "Mechthilde",
                "last": "Heil"
            },
            "location": {
                "street": {
                    "number": 6852,
                    "name": "Lerchenweg"
                },
                "city": "Monheim",
                "state": "Saarland",
                "country": "Germany",
                "postcode": 57505,
                "coordinates": {
                    "latitude": "-9.7174",
                    "longitude": "-29.4476"
                },
                "timezone": {
                    "offset": "+5:30",
                    "description": "Bombay, Calcutta, Madras, New Delhi"
                }
            },
            "email": "mechthilde.heil@example.com",
            "login": {
                "uuid": "a08acb58-0780-43a6-9976-4c061e5e1165",
                "username": "happykoala152",
                "password": "lilith",
                "salt": "xjObaxjj",
                "md5": "017a1868f9485d06db07e7f5f852db51",
                "sha1": "6cb457487c5e8e93805a5af0f9620f5cd09a2a27",
                "sha256": "a883d439945b207ba9209cc5fed5928efb99262da68f72ce261d1343f3086d04"
            },
            "dob": {
                "date": "1946-05-16T07:25:13.230Z",
                "age": 73
            },
            "registered": {
                "date": "2011-12-19T20:46:47.628Z",
                "age": 8
            },
            "phone": "0949-4015627",
            "cell": "0179-8814555",
            "id": {
                "name": "",
                "value": null
            },
            "picture": {
                "large": "https://randomuser.me/api/portraits/women/37.jpg",
                "medium": "https://randomuser.me/api/portraits/med/women/37.jpg",
                "thumbnail": "https://randomuser.me/api/portraits/thumb/women/37.jpg"
            },
            "nat": "DE"
        },
        {
            "gender": "female",
            "name": {
                "title": "Ms",
                "first": "Melinda",
                "last": "Olson"
            },
            "location": {
                "street": {
                    "number": 7785,
                    "name": "Hogan St"
                },
                "city": "San Antonio",
                "state": "Alabama",
                "country": "United States",
                "postcode": 30249,
                "coordinates": {
                    "latitude": "5.9862",
                    "longitude": "66.3068"
                },
                "timezone": {
                    "offset": "-11:00",
                    "description": "Midway Island, Samoa"
                }
            },
            "email": "melinda.olson@example.com",
            "login": {
                "uuid": "68799878-4b55-411c-a717-79ff934685fb",
                "username": "organicbutterfly941",
                "password": "wp2003wp",
                "salt": "TDGGPDoW",
                "md5": "42eac29ca47d0b46aa8761e61bc68a42",
                "sha1": "81ff6b3abb8419a4f72db0452121752f2fb71c7a",
                "sha256": "bd20006e5231e9b6f5947af0daff131b1ca2eccdfc646747c3f801d6d695e739"
            },
            "dob": {
                "date": "1956-02-11T03:52:19.490Z",
                "age": 63
            },
            "registered": {
                "date": "2008-02-22T04:51:33.873Z",
                "age": 11
            },
            "phone": "(785)-687-1632",
            "cell": "(627)-739-8214",
            "id": {
                "name": "SSN",
                "value": "060-35-1466"
            },
            "picture": {
                "large": "https://randomuser.me/api/portraits/women/63.jpg",
                "medium": "https://randomuser.me/api/portraits/med/women/63.jpg",
                "thumbnail": "https://randomuser.me/api/portraits/thumb/women/63.jpg"
            },
            "nat": "US"
        },
        {
            "gender": "female",
            "name": {
                "title": "Ms",
                "first": "Jeanne",
                "last": "Brar"
            },
            "location": {
                "street": {
                    "number": 7590,
                    "name": "Disputed Rd"
                },
                "city": "Maidstone",
                "state": "Québec",
                "country": "Canada",
                "postcode": "G7Q 4I1",
                "coordinates": {
                    "latitude": "-86.3708",
                    "longitude": "93.9497"
                },
                "timezone": {
                    "offset": "+7:00",
                    "description": "Bangkok, Hanoi, Jakarta"
                }
            },
            "email": "jeanne.brar@example.com",
            "login": {
                "uuid": "f776d946-a9db-4946-9bc1-8a5e280d6321",
                "username": "lazybutterfly290",
                "password": "sunlight",
                "salt": "WRYQ0rlj",
                "md5": "203e47e16e40e230fd88386ed98e5372",
                "sha1": "fda232b4cb7644d057917fd7152ec218695fdb8b",
                "sha256": "20d0711386b839e127a51d5f370d12dd2aaa981a810e9ddb92f6e662c092b70a"
            },
            "dob": {
                "date": "1971-02-25T06:48:27.809Z",
                "age": 48
            },
            "registered": {
                "date": "2002-11-20T00:14:56.631Z",
                "age": 17
            },
            "phone": "291-013-4990",
            "cell": "449-008-7381",
            "id": {
                "name": "",
                "value": null
            },
            "picture": {
                "large": "https://randomuser.me/api/portraits/women/28.jpg",
                "medium": "https://randomuser.me/api/portraits/med/women/28.jpg",
                "thumbnail": "https://randomuser.me/api/portraits/thumb/women/28.jpg"
            },
            "nat": "CA"
        },
        {
            "gender": "male",
            "name": {
                "title": "Mr",
                "first": "Noah",
                "last": "Clarke"
            },
            "location": {
                "street": {
                    "number": 3949,
                    "name": "Main Street West"
                },
                "city": "Rotorua",
                "state": "Wellington",
                "country": "New Zealand",
                "postcode": 75509,
                "coordinates": {
                    "latitude": "-40.5088",
                    "longitude": "-71.2402"
                },
                "timezone": {
                    "offset": "+3:30",
                    "description": "Tehran"
                }
            },
            "email": "noah.clarke@example.com",
            "login": {
                "uuid": "422c2705-a7b3-4577-bafd-aa1ccecc9a69",
                "username": "crazyleopard434",
                "password": "smoothie",
                "salt": "jhHcNuEj",
                "md5": "d6421da9eebc8730b5a50d4ddb178846",
                "sha1": "97a2be4a635424e128719c2877acf4cd118fe430",
                "sha256": "695dec19d5d7e966c3e8cca981c4cc44a6472eecd04b17a96c7c58299697e399"
            },
            "dob": {
                "date": "1950-03-17T05:07:52.059Z",
                "age": 69
            },
            "registered": {
                "date": "2015-02-15T10:55:28.660Z",
                "age": 4
            },
            "phone": "(895)-797-1618",
            "cell": "(043)-457-3114",
            "id": {
                "name": "",
                "value": null
            },
            "picture": {
                "large": "https://randomuser.me/api/portraits/men/16.jpg",
                "medium": "https://randomuser.me/api/portraits/med/men/16.jpg",
                "thumbnail": "https://randomuser.me/api/portraits/thumb/men/16.jpg"
            },
            "nat": "NZ"
        },
        {
            "gender": "female",
            "name": {
                "title": "Mrs",
                "first": "آنیتا",
                "last": "یاسمی"
            },
            "location": {
                "street": {
                    "number": 4207,
                    "name": "استاد نجات‌اللهی"
                },
                "city": "قرچک",
                "state": "اردبیل",
                "country": "Iran",
                "postcode": 68238,
                "coordinates": {
                    "latitude": "57.7432",
                    "longitude": "-4.7988"
                },
                "timezone": {
                    "offset": "-10:00",
                    "description": "Hawaii"
                }
            },
            "email": "anyt.ysmy@example.com",
            "login": {
                "uuid": "dd653633-bb49-4ec3-b753-82cdb347d90d",
                "username": "angryrabbit200",
                "password": "hollow",
                "salt": "58wcQMnx",
                "md5": "bb6609994d71e7e0597698bb44f77ce4",
                "sha1": "88a9032b7b7125d0f335b4460490dc8ca365bdba",
                "sha256": "3525c3340ed909645338a043118a02fee6da86e9178e9c582b3cb0478401da86"
            },
            "dob": {
                "date": "1955-08-22T18:37:49.361Z",
                "age": 64
            },
            "registered": {
                "date": "2004-10-06T09:44:20.057Z",
                "age": 15
            },
            "phone": "034-85311948",
            "cell": "0977-984-8913",
            "id": {
                "name": "",
                "value": null
            },
            "picture": {
                "large": "https://randomuser.me/api/portraits/women/44.jpg",
                "medium": "https://randomuser.me/api/portraits/med/women/44.jpg",
                "thumbnail": "https://randomuser.me/api/portraits/thumb/women/44.jpg"
            },
            "nat": "IR"
        },
        {
            "gender": "female",
            "name": {
                "title": "Mrs",
                "first": "Jessie",
                "last": "Price"
            },
            "location": {
                "street": {
                    "number": 1000,
                    "name": "College St"
                },
                "city": "Darwin",
                "state": "Western Australia",
                "country": "Australia",
                "postcode": 4910,
                "coordinates": {
                    "latitude": "20.9283",
                    "longitude": "-164.4382"
                },
                "timezone": {
                    "offset": "-1:00",
                    "description": "Azores, Cape Verde Islands"
                }
            },
            "email": "jessie.price@example.com",
            "login": {
                "uuid": "c0ad3435-38fd-46c3-a1da-cb5e0b38c53a",
                "username": "crazymouse270",
                "password": "creature",
                "salt": "ekQeQ7wk",
                "md5": "5175aef498f22d5a56ae1a602e293c85",
                "sha1": "a73b3ac91f08a6474a643eb878f439446d724f29",
                "sha256": "10e2b41296bb32b68858bbf4eea4aa6e40b0619c448d184844acecd9348038c9"
            },
            "dob": {
                "date": "1992-01-08T07:31:04.176Z",
                "age": 27
            },
            "registered": {
                "date": "2012-06-11T15:58:33.065Z",
                "age": 7
            },
            "phone": "07-8395-7097",
            "cell": "0456-355-723",
            "id": {
                "name": "TFN",
                "value": "956251063"
            },
            "picture": {
                "large": "https://randomuser.me/api/portraits/women/47.jpg",
                "medium": "https://randomuser.me/api/portraits/med/women/47.jpg",
                "thumbnail": "https://randomuser.me/api/portraits/thumb/women/47.jpg"
            },
            "nat": "AU"
        },
        {
            "gender": "male",
            "name": {
                "title": "Mr",
                "first": "Reno",
                "last": "Alves"
            },
            "location": {
                "street": {
                    "number": 1501,
                    "name": "Rua Treze de Maio "
                },
                "city": "Atibaia",
                "state": "São Paulo",
                "country": "Brazil",
                "postcode": 48623,
                "coordinates": {
                    "latitude": "45.5733",
                    "longitude": "122.7507"
                },
                "timezone": {
                    "offset": "+1:00",
                    "description": "Brussels, Copenhagen, Madrid, Paris"
                }
            },
            "email": "reno.alves@example.com",
            "login": {
                "uuid": "53c543d3-7bc1-4680-b216-e13facf4a4ff",
                "username": "brownlion661",
                "password": "doubled",
                "salt": "UdKlmGm1",
                "md5": "0c33a23fd23766532c8c23ede45578b6",
                "sha1": "22cb76cb8d36d921f25d8d1312a875e76b6bfd3d",
                "sha256": "d99dd578ff3ec79c44f1bf3df8094e0b7126ce29b6af98564fe2378bf0b2e517"
            },
            "dob": {
                "date": "1946-02-03T17:42:55.683Z",
                "age": 73
            },
            "registered": {
                "date": "2007-01-09T00:26:56.489Z",
                "age": 12
            },
            "phone": "(62) 2535-1581",
            "cell": "(93) 6801-1950",
            "id": {
                "name": "",
                "value": null
            },
            "picture": {
                "large": "https://randomuser.me/api/portraits/men/47.jpg",
                "medium": "https://randomuser.me/api/portraits/med/men/47.jpg",
                "thumbnail": "https://randomuser.me/api/portraits/thumb/men/47.jpg"
            },
            "nat": "BR"
        },
        {
            "gender": "male",
            "name": {
                "title": "Mr",
                "first": "Joel",
                "last": "Woods"
            },
            "location": {
                "street": {
                    "number": 2466,
                    "name": "St. John’S Road"
                },
                "city": "Bangor",
                "state": "Suffolk",
                "country": "United Kingdom",
                "postcode": "WZ3 1FJ",
                "coordinates": {
                    "latitude": "-23.7475",
                    "longitude": "160.4824"
                },
                "timezone": {
                    "offset": "-3:30",
                    "description": "Newfoundland"
                }
            },
            "email": "joel.woods@example.com",
            "login": {
                "uuid": "02dec585-8ac1-4a6a-8a3e-c2bdb09e3763",
                "username": "sadlion110",
                "password": "beezer",
                "salt": "7m1NS8mP",
                "md5": "2e9bc3823c6cbbb243011453179b459e",
                "sha1": "b70bde1b03d3fa83f5d2a65f049eecdd6d17d93f",
                "sha256": "66b403c1899264fafa9137d2af2b8ec53d973ff21b7a09283f6bf005d536c5fe"
            },
            "dob": {
                "date": "1958-02-22T13:29:06.649Z",
                "age": 61
            },
            "registered": {
                "date": "2005-11-18T05:40:45.427Z",
                "age": 14
            },
            "phone": "01481 38486",
            "cell": "0717-957-383",
            "id": {
                "name": "NINO",
                "value": "ZM 09 71 16 M"
            },
            "picture": {
                "large": "https://randomuser.me/api/portraits/men/65.jpg",
                "medium": "https://randomuser.me/api/portraits/med/men/65.jpg",
                "thumbnail": "https://randomuser.me/api/portraits/thumb/men/65.jpg"
            },
            "nat": "GB"
        },
        {
            "gender": "male",
            "name": {
                "title": "Mr",
                "first": "Melvin",
                "last": "Dupont"
            },
            "location": {
                "street": {
                    "number": 2754,
                    "name": "Rue Duguesclin"
                },
                "city": "Metz",
                "state": "Finistère",
                "country": "France",
                "postcode": 81019,
                "coordinates": {
                    "latitude": "-0.7552",
                    "longitude": "16.2925"
                },
                "timezone": {
                    "offset": "+9:00",
                    "description": "Tokyo, Seoul, Osaka, Sapporo, Yakutsk"
                }
            },
            "email": "melvin.dupont@example.com",
            "login": {
                "uuid": "13520af7-bc71-47b6-bd47-f9c916d61fa4",
                "username": "goldentiger911",
                "password": "omar",
                "salt": "q8w2Hz3W",
                "md5": "8e57ea077cb2f6ba80732ab6254c667a",
                "sha1": "172b36995b8c3fe6181dae6191b88af3abdd541a",
                "sha256": "b0605a6e662bc2c11e73b10ff9ad0700247fc010d39fcd1ea15e5efbbd8f48f3"
            },
            "dob": {
                "date": "1948-07-23T14:21:45.685Z",
                "age": 71
            },
            "registered": {
                "date": "2006-12-25T05:31:49.065Z",
                "age": 13
            },
            "phone": "05-61-80-67-41",
            "cell": "06-87-84-26-66",
            "id": {
                "name": "INSEE",
                "value": "1NNaN36363655 14"
            },
            "picture": {
                "large": "https://randomuser.me/api/portraits/men/69.jpg",
                "medium": "https://randomuser.me/api/portraits/med/men/69.jpg",
                "thumbnail": "https://randomuser.me/api/portraits/thumb/men/69.jpg"
            },
            "nat": "FR"
        },
        {
            "gender": "female",
            "name": {
                "title": "Ms",
                "first": "Linda",
                "last": "Anderson"
            },
            "location": {
                "street": {
                    "number": 9707,
                    "name": "Brick Kiln Road"
                },
                "city": "Bath",
                "state": "Dumfries and Galloway",
                "country": "United Kingdom",
                "postcode": "H8 6EF",
                "coordinates": {
                    "latitude": "-37.2134",
                    "longitude": "-158.4632"
                },
                "timezone": {
                    "offset": "-8:00",
                    "description": "Pacific Time (US & Canada)"
                }
            },
            "email": "linda.anderson@example.com",
            "login": {
                "uuid": "b93e7492-7a55-4e2b-9456-e08abec1a04d",
                "username": "goldenleopard706",
                "password": "history",
                "salt": "r3lvaUMZ",
                "md5": "03dc2d8a703ea350ed124b0e6451b69a",
                "sha1": "cca93a9e43ea084650bba52d4ad309a181d72034",
                "sha256": "cf94e7484a7289e4784ec311bab52059de73c61ef43cc7467e0ecd5c1a4a47bf"
            },
            "dob": {
                "date": "1946-01-11T14:01:29.450Z",
                "age": 73
            },
            "registered": {
                "date": "2018-05-13T23:24:39.239Z",
                "age": 1
            },
            "phone": "016973 57930",
            "cell": "0722-343-207",
            "id": {
                "name": "NINO",
                "value": "TA 33 19 80 N"
            },
            "picture": {
                "large": "https://randomuser.me/api/portraits/women/32.jpg",
                "medium": "https://randomuser.me/api/portraits/med/women/32.jpg",
                "thumbnail": "https://randomuser.me/api/portraits/thumb/women/32.jpg"
            },
            "nat": "GB"
        }
    ],
    "info": {
        "seed": "90a271170c008a2c",
        "results": 40,
        "page": 1,
        "version": "1.3"
    }
}